{
  "id": "1916747",
  "name": "pay",
  "font_family": "iconfont",
  "css_prefix_text": "icon-",
  "description": "",
  "glyphs": [
    {
      "icon_id": "2237405",
      "name": "编辑",
      "font_class": "bianji1",
      "unicode": "e608",
      "unicode_decimal": 58888
    },
    {
      "icon_id": "2237672",
      "name": "预览",
      "font_class": "yulan1",
      "unicode": "e60f",
      "unicode_decimal": 58895
    },
    {
      "icon_id": "10482330",
      "name": "回收站",
      "font_class": "huishouzhan1",
      "unicode": "e62b",
      "unicode_decimal": 58923
    },
    {
      "icon_id": "13638689",
      "name": "新增",
      "font_class": "xinzeng1",
      "unicode": "e656",
      "unicode_decimal": 58966
    },
    {
      "icon_id": "10314454",
      "name": "新增",
      "font_class": "xinzeng",
      "unicode": "e707",
      "unicode_decimal": 59143
    },
    {
      "icon_id": "10966917",
      "name": "新增处方模板",
      "font_class": "xinzengchufangmoban",
      "unicode": "e6cb",
      "unicode_decimal": 59083
    },
    {
      "icon_id": "12719934",
      "name": "保存",
      "font_class": "baocun",
      "unicode": "e60d",
      "unicode_decimal": 58893
    },
    {
      "icon_id": "13478692",
      "name": "保存",
      "font_class": "A",
      "unicode": "e6e7",
      "unicode_decimal": 59111
    },
    {
      "icon_id": "7761519",
      "name": "删 除 ",
      "font_class": "shanchu1",
      "unicode": "e612",
      "unicode_decimal": 58898
    },
    {
      "icon_id": "11839579",
      "name": "恢复",
      "font_class": "huifu",
      "unicode": "e65f",
      "unicode_decimal": 58975
    },
    {
      "icon_id": "7440207",
      "name": "编辑",
      "font_class": "bianji",
      "unicode": "e604",
      "unicode_decimal": 58884
    },
    {
      "icon_id": "4770121",
      "name": "复制",
      "font_class": "fuzhi",
      "unicode": "e616",
      "unicode_decimal": 58902
    },
    {
      "icon_id": "7500586",
      "name": "编辑",
      "font_class": "icon_edit",
      "unicode": "e61b",
      "unicode_decimal": 58907
    },
    {
      "icon_id": "8776631",
      "name": "view",
      "font_class": "icon-test",
      "unicode": "e633",
      "unicode_decimal": 58931
    },
    {
      "icon_id": "9448549",
      "name": "删除",
      "font_class": "shanchu",
      "unicode": "e60a",
      "unicode_decimal": 58890
    },
    {
      "icon_id": "10352342",
      "name": "预览",
      "font_class": "yulan",
      "unicode": "e61c",
      "unicode_decimal": 58908
    },
    {
      "icon_id": "12523538",
      "name": "回收站",
      "font_class": "huishouzhan",
      "unicode": "e6a8",
      "unicode_decimal": 59048
    },
    {
      "icon_id": "11474243",
      "name": "copy",
      "font_class": "copy",
      "unicode": "e6f3",
      "unicode_decimal": 59123
    },
    {
      "icon_id": "11487984",
      "name": "ashbin",
      "font_class": "ashbin",
      "unicode": "e744",
      "unicode_decimal": 59204
    },
    {
      "icon_id": "11488097",
      "name": "play",
      "font_class": "play",
      "unicode": "e75d",
      "unicode_decimal": 59229
    },
    {
      "icon_id": "11488146",
      "name": "suspended",
      "font_class": "suspended",
      "unicode": "e768",
      "unicode_decimal": 59240
    }
  ]
}
