{
  "id": "1916747",
  "name": "pay",
  "font_family": "iconfont",
  "css_prefix_text": "icon-",
  "description": "",
  "glyphs": [
    {
      "icon_id": "11474243",
      "name": "copy",
      "font_class": "copy",
      "unicode": "e6f3",
      "unicode_decimal": 59123
    },
    {
      "icon_id": "11487984",
      "name": "ashbin",
      "font_class": "ashbin",
      "unicode": "e744",
      "unicode_decimal": 59204
    },
    {
      "icon_id": "11488097",
      "name": "play",
      "font_class": "play",
      "unicode": "e75d",
      "unicode_decimal": 59229
    },
    {
      "icon_id": "11488146",
      "name": "suspended",
      "font_class": "suspended",
      "unicode": "e768",
      "unicode_decimal": 59240
    }
  ]
}
